{
  "project_info": {
    "project_number": "617307420486",
    "project_id": "showroom-mobil-b887f",
    "storage_bucket": "showroom-mobil-b887f.firebasestorage.app"
  },
  "client": [
    {
      "client_info": {
        "mobilesdk_app_id": "1:617307420486:android:c1b6bd448e29628cde5747",
        "android_client_info": {
          "package_name": "com.example.showroom_mobil"
        }
      },
      "oauth_client": [],
      "api_key": [
        {
          "current_key": "AIzaSyAvzZDCXd2X6jfs4DhJKDKwhoq3-WyXYR0"
        }
      ],
      "services": {
        "appinvite_service": {
          "other_platform_oauth_client": []
        }
      }
    }
  ],
  "configuration_version": "1"
}